<?xml version='1.0' encoding='utf-8'?>
<widget id="ca.edumedia.oh000024.BJApp" version="1.0.0" xmlns="http://www.w3.org/ns/widgets" xmlns:cdv="http://cordova.apache.org/ns/1.0">
    <name>BJSecretMessenger</name>
    <description>
        A sample Apache Cordova application that responds to the deviceready event.
    </description>
    <author email="dev@cordova.apache.org" href="http://cordova.io">
        Apache Cordova Team
    </author>
    <preference name="SplashScreen" value="screen" />
    <preference name="SplashScreenDelay" value="3000" />
    <content src="index.html" />
    <plugin name="cordova-plugin-whitelist" spec="1" />
    <access origin="*" />
    <allow-intent href="http://*/*" />
    <allow-intent href="https://*/*" />
    <allow-intent href="tel:*" />
    <allow-intent href="sms:*" />
    <allow-intent href="mailto:*" />
    <allow-intent href="geo:*" />
    <platform name="android">
        <allow-intent href="market:*" />
    </platform>
    <platform name="ios">
        <allow-intent href="itms:*" />
        <allow-intent href="itms-apps:*" />

    <splash src="res/screen/ios/Default.png" width="320" height="480"/>
    <splash src="res/screen/ios/Default@2x.png" width="640" height="960"/>
    <splash src="res/screen/ios/Default-Portrait.png" width="768" height="1024"/>
    <splash src="res/screen/ios/Default-Portrait@2x.png" width="1536" height="2048"/>
    <splash src="res/screen/ios/Default-Landscape.png" width="1024" height="768"/>
    <splash src="res/screen/ios/Default-Landscape@2x.png" width="2048" height="1536"/>
    <splash src="res/screen/ios/Default-568h@2x.png" width="640" height="1136"/>
    <splash src="res/screen/ios/Default-667h.png" width="750" height="1334"/>
    <splash src="res/screen/ios/Default-736h.png" width="1242" height="2208"/>
    <splash src="res/screen/ios/Default-Landscape-736h.png" width="2208" height="1242"/>



<!-- iPhone / iPod Touch -->
<icon src="res/icons/icon.png" platform="ios" width="57" height="57" />
<icon src="res/icons/icon@2x.png" platform="ios" width="114" height="114" />

<!-- iPad -->
<icon src="res/icons/icon-72.png" platform="ios" width="72" height="72" />
<icon src="res/icons/icon-72@2x.png" platform="ios" width="144" height="144" />

<!-- iPhone Spotlight and Settings Icon -->
<icon src="res/icons/icon-small.png" platform="ios" width="29" height="29" />
<icon src="res/icons/icon-small@2x.png" platform="ios" width="58" height="58" />

<!-- iPad Spotlight and Settings Icon -->
<icon src="res/icons/icon-50.png" platform="ios" width="50" height="50" />
<icon src="res/icons/icon-50@2x.png" platform="ios" width="100" height="100" />

    </platform>
</widget>
